2021-11-14 02:52 ~ mitkokmetko ~ 1702772587,
2021-11-14 03:15 ~ tia_siberianhusky ~ 33644503537,
2021-11-14 03:18 ~ dusanhimself ~ 4222793024,
2021-11-14 05:18 ~ noah_loves_herbs ~ 47417796176,
2021-11-14 05:19 ~ eba_autoworks ~ 6161614200,
2021-11-14 05:23 ~ delopus_._com ~ 14534124609,
2021-11-14 05:35 ~ afetoesteves ~ 44753141320,
2021-11-14 05:38 ~ gfxmotions ~ 47712727935,
2021-11-14 06:09 ~ prazskynoviny.cz ~ 20539109992,
2021-11-14 06:12 ~ transparentcz ~ 7724162882,
2021-11-14 06:20 ~ frontman.cz ~ 8755222362,
2021-11-14 06:22 ~ byclarabrady ~ 31199160,
2021-11-14 06:25 ~ alabassta ~ 1433075529,
2021-11-14 07:10 ~ janaturalnie ~ 44299321653,
2021-11-14 07:15 ~ zolko.meme ~ 8222928154,
2021-11-14 07:19 ~ slovensky_reporter ~ 35050711250,
2021-11-14 07:45 ~ fontech.sk ~ 1983401841,
2021-11-14 07:50 ~ marekmach_ ~ 1648984874,
2021-11-14 08:05 ~ seredonline.sk ~ 33949388499,
2021-11-14 08:51 ~ attinvestments_sk ~ 14049205126,
2021-11-14 08:52 ~ koraisperky ~ 6009900146,
2021-11-14 08:58 ~ teddy.baker ~ 1666878449,
2021-11-14 09:07 ~ faktcodzienny ~ 9056892397,
2021-11-14 09:13 ~ zdyelaj_kim_nesmazu ~ 45433562390,
2021-11-14 09:24 ~ spravymladi ~ 13760993246,
2021-11-14 09:30 ~ tyzdennikzivot ~ 27534939518,
2021-11-14 10:02 ~ granturismotrivia.facts ~ 33063121493,
2021-11-14 10:04 ~ queenherbal_slim ~ 50233852786,
2021-11-14 10:07 ~ asyiifad ~ 1332028354,
2021-11-14 10:09 ~ ghaniyorzq ~ 4289129697,
2021-11-14 10:12 ~ diakonische.stiftung.ummeln ~ 47655218004,
2021-11-14 10:14 ~ dyrevaernsforening1995 ~ 8550136289,
2021-11-14 10:18 ~ trulluv ~ 2252642576,
2021-11-14 10:28 ~ mata.semancik ~ 2067815358,
2021-11-14 10:30 ~ agribumper_frontweight ~ 2362850573,
2021-11-14 10:32 ~ camperomania_pl ~ 45927481921,
2021-11-14 10:41 ~ matu.vi ~ 7364691299,
2021-11-14 10:42 ~ viktoriachromjakova ~ 6864286757,
2021-11-14 10:43 ~ gavlikmen.65 ~ 3787681934,
2021-11-14 11:02 ~ inrozvolen ~ 6246552138,
2021-11-14 11:05 ~ bujdakovanatalia ~ 50441339013,
2021-11-14 11:17 ~ radioklub.omega ~ 48756681940,
2021-11-14 11:22 ~ petove_cursed_memes ~ 29766603263,
2021-11-14 12:05 ~ gymnaziumjfrlevoca ~ 11095616828,
